{
    "accuracy": 0.6795523906408952,
    "precision": 0.696969696969697,
    "recall": 0.3511450381679389,
    "f1_score": 0.467005076142132
}
